211988,237134,-13160,16811,77938,7660,198924,-50093,59606,6828,147523,76652,63134,10600,65411,-90397,-39851,-39971,125551,-142459,160061,24815,-116787,-18090,93697,27147,-74739,198253,14075,144726,46461,-64201,92489,122479,198889,-77989,-7126,-63243,103454,-188941,-59024,-117374,80884,143311,134101,19891,-188594,-160734,87696,57389,131366,181767,121620,-142907,83997,23930,115376,183862,157420,-45912,131077,-43111,70249,12976,164834,27863,42353,-74317,-109894,-4529,-19236,79854,228283,-67023,-3221,37316,-13100,110130,-68577,166468,147010,-45332,227947,178448,123945,71873,35572,-98695,2182,59030,-22536,60451,-28694,-72850,-56720,38251,54778,-75287,167851,-6965,32639,9393,12244,495,-100771,48432,98978,189596,80865,-71163,-159022,107309,42153,-81860,177434,-40379,221665,132072,57835,155424,-56611,180930,229888,165533,83874,179008,207482,136440,-3153,-41134,34860,21809,-71591,29068,-9064,-42412,74912,117564,-69544,-183479,56070,236939,174323,78357,13332,66978,120116,32852,-42983,-32047,49733,198621,175135,67385,127989,-137596,-277,-95620,151250,45003,98698,151319,227782,181289,74695,271933,131309,4240,261388,54793,208153,160068,135615,120913,202380,183338,-166327,8778,-24099,-82353,-105312,81127,115914,101156,-31785,95043,-45927,193092,131560,158452,45352,-977,31806,-14084,-149004,-174977,-123488,-25469,-259938,-306749,-53227,-31431,116431,-69254,-112833,-91682,-329232,-221292,211900,205216,-71951,-27641,47393,115992,-183945,21041,358457,376926,319256,337756,94006,1681,175535,-142157,106361,135839,167030,199225,82983,-200272,-65175,-139992,27592,-9347,44715,-11989,23775,56972,-140232,-209076,143050,174330,49700,117518,40038,89389,-46616,-213426,15690,212613,-90856,-107349,127116,-136649,-129657,-203043,1087087
4568,127224,-166763,-215963,-3501,-191962,-112447,-121945,-23923,-29057,-109735,-227058,-24504,-168305,7959,-63097,62684,-71403,-8164,56900,-67685,25188,41081,-41111,-68656,-138436,-207712,-146805,-186521,-139036,81604,-125806,-88304,26355,-51716,-118881,-152035,-212557,-78649,-216321,-126325,44879,-156722,40635,6437,-123868,1086,-7677,-8149,-135612,23073,27098,135523,105295,110239,131424,-85517,154962,68955,95372,-25614,44333,61546,103399,-118484,-127549,-265411,-129684,-28757,69302,-35636,6726,-114625,-153068,-120258,2435,-109100,-157078,-20802,-78614,83901,99840,45429,104603,-126882,172754,-148572,-131365,-70911,55801,-38769,-133025,-128073,-2164,-83520,-11845,135365,-111942,171323,42528,197921,-81357,141875,-12053,135220,131648,-120614,27303,25119,-92129,-18592,-11063,-154558,49283,-95997,125731,-129037,-40831,119923,104813,220499,255161,34941,139430,109785,40508,149049,139100,-97114,-229440,-89351,-139243,-156690,35995,-9936,-41702,-12996,85695,77966,-93776,-160408,-27551,-164902,-41157,112759,-185773,47636,4356,-23657,60094,-22840,9717,-89795,125258,160827,162833,12685,-37745,195237,35221,26311,-80155,24023,136164,145760,66176,-23929,-30303,45060,-55538,-90396,-6495,115023,-123433,11111,63522,179016,95635,23796,110921,193395,199960,-33737,-42696,282734,265327,198540,126280,165549,131484,275424,219898,-161537,-208255,-148919,-226406,-243594,-129098,-177274,-108524,-5047,5190,-144854,62825,-108259,-153191,94746,39115,27493,90791,93579,151344,194514,149702,161893,129699,-29103,-52329,207935,-31252,128147,106224,138549,76898,221521,68661,79391,-10479,-17062,-48636,147518,220431,128687,117351,89998,188892,85177,-139622,205915,89268,-32435,6797,-146081,-84157,-9746,1502,-101233,200013,10695,-52042,-38744,56512,-162814,-85351,-118103,-74268,832637
-23946,35410,-119591,150290,-48064,10674,161442,24306,175069,-78057,-67379,-106696,-125189,83991,2084,90431,-4439,40016,120087,164272,53922,-75458,-48686,-158729,-71548,112987,102564,178676,48621,153385,-29372,-152737,-67867,-64857,-80502,150432,-87453,-76088,-52845,-66766,25125,26115,125735,212927,48071,-69715,22957,20330,-87953,-120273,-12967,-61430,-10716,-20545,158971,-154733,-180157,11054,76082,-134577,-114424,-24270,158399,70290,69841,-164381,-67056,129868,-148762,76951,-100205,98627,-104089,77477,-90599,-24311,58103,123218,35657,77188,174714,-114903,-132485,-24078,48491,117130,-4446,-46958,140525,-73058,-59840,48687,179917,-120338,152254,78335,155971,175397,2553,-43087,97409,-29940,38912,-111297,-26796,-37888,119789,8103,1611,-152958,122539,77546,-64694,139325,115474,-73114,-74035,-32208,65216,51590,164440,-99686,-129401,135252,36513,-56334,-16523,-41190,-4121,-10146,-40158,50811,116276,-119383,-93639,67928,153986,-73128,125401,-60007,64010,-114289,-42175,184281,-7568,-24996,-85926,37213,98268,-172053,96409,47978,123189,221710,-87253,149921,-119433,-90139,102136,44126,154820,-4532,184190,105448,-55268,113000,115319,-18275,188750,142115,61236,23926,-111874,-130469,97342,-15778,-157854,-127764,-65508,88869,-21250,13496,-35398,1631,-74243,217774,-66055,-7705,5676,154960,110820,250136,-44403,107535,62132,80517,-28000,-61528,114549,202223,-24818,-64138,26379,59924,-58195,63273,23757,30813,-143885,-132016,-165588,89843,67204,144434,93451,-134425,-123109,127209,-2103,42455,-54890,-39508,194783,213536,-4701,227645,-79120,75916,163127,-5961,246390,152156,-75635,235400,31453,169317,149369,89677,221521,220474,96657,-31360,182012,245503,122614,59826,6153,89039,65121,125206,211905,124477,83318,82849,-14633,-50807,-25391
130270,-7184,-51557,-55247,-50991,-111146,-108024,-83412,27958,2958,29480,77145,-31270,103473,-53108,181058,160057,57923,190627,22602,-161477,52550,-42118,44956,39907,159906,125633,-96699,-80225,165099,-56316,116979,15330,-120283,-58033,-27239,55821,19755,-123851,-163457,-175403,-62645,-87606,-39336,37727,9895,-77625,19765,114043,193988,73993,111070,-34002,-26722,-81049,46258,36744,85355,488,-113467,-3574,109273,-187139,-33870,-112605,92970,85729,31056,143573,-113101,106175,18263,178663,-85271,-67367,2955,37677,97672,19833,-46077,2535,104386,89306,-52395,258061,137667,-76911,100424,-74798,128817,-126742,105690,42673,-126199,-16675,121882,-67068,24748,162055,137693,74472,-114062,-54349,185267,-186398,49566,49045,-209342,-33084,-38844,-78931,-154353,58055,-879,-202327,-75552,181741,35620,116576,55475,44334,143894,142232,-23134,36422,-149450,-115992,-122448,77332,142084,-57532,-157174,-141503,-58117,-200602,-179581,26657,200094,39066,180981,108222,19964,11496,-53224,168928,-48688,54756,23907,19248,137714,18626,11830,116426,-11655,46419,184148,12157,-3620,81841,-92936,-125687,-23924,13391,174671,88086,-102909,151132,202296,-184368,-178737,15631,129338,-59522,-42447,-121690,-167712,-3587,-130477,6355,204123,63653,-141427,80634,164181,-83466,106270,41904,151094,-60390,-145139,-159017,-37895,205993,-19112,-84573,216073,-23035,176058,210201,256209,98848,166954,4281,240994,174416,189821,179210,242452,40702,89734,90650,-34363,186284,-9103,99211,202692,152570,181890,156537,43660,241076,115274,86610,328947,262637,141857,86918,246202,183089,263820,254194,148080,-10755,-13847,145669,98301,83389,136108,46063,208486,-64422,-46636,150094,-10391,-124784,50830,-58341,172,124063,101483,-112015,162063,136319,-58413,-131560,-34012,-71252
-82811,79077,-181325,-141898,55421,17733,-241359,-138242,53314,-196267,-54062,-138137,-145586,108322,-103220,-104502,113520,-92677,-133593,-31496,-105532,-137304,-5065,-200211,147977,22547,-52179,76231,114458,-62580,71252,-135997,11014,-49213,4828,62898,179167,73467,40149,-152249,-143868,90846,-2650,119012,36540,135194,-89055,138015,112608,-90192,15706,-98393,-156037,-105458,15118,-75841,43552,86026,-216966,-218708,12470,52678,-121116,-209066,-92083,39528,-156,-62645,-160559,123130,-67951,24587,8015,51815,-113429,-154491,88275,-19826,-225029,-70995,55058,-53970,-124840,-89629,118970,93321,21377,2973,230993,-63148,55276,244495,70675,109522,-30309,107923,-135697,-153659,137550,200351,91985,156682,5173,-173399,67529,-146310,162582,171920,32662,-121572,-174983,-190870,140822,156393,77204,208733,68966,38714,-150853,86348,91220,153047,15870,-108346,-154103,-53133,-119656,-206139,112876,209214,170920,120215,63870,-79829,-114928,61534,101813,-10616,138324,180608,-166010,-171505,-210603,100540,202501,-65537,-49471,185629,87611,162752,-32283,-215984,249435,232381,199422,108835,-41600,130517,203691,-12963,122586,-49733,59640,120236,-1539,73189,-104457,-151465,13774,218453,269205,302779,-29151,76338,-26501,-160323,9977,-68221,-71262,153258,116845,-24243,-6494,-163406,-103934,-70430,2025,167348,-148816,-175785,-25370,-275557,-141058,-92171,104024,48294,243294,-31004,62605,-95341,-124011,-59425,8206,-2648,54588,-43384,52441,-21881,-21618,113419,41348,162985,48673,187232,128575,666,-305914,-154327,62248,-37910,143810,62129,47331,-75780,126635,25106,237218,122693,246817,14718,62102,71793,-79014,-31217,16142,59033,-20088,163458,42692,186762,-212581,-33035,-49954,29900,116604,-164207,-5683,-133586,99594,-11831,-66305,36185,-145841,-71429,-152962,-129161,291053
-77281,-177815,-146830,-267375,-303976,-56900,109664,81069,-110441,-95644,59090,-265272,-449858,13026,-102317,132634,-103135,-266510,-191605,-59684,-161123,-153377,-254552,42629,38240,-164460,146172,-96407,-51162,-64330,130935,-102337,-98333,-98390,137131,-118185,-10441,-150759,-154773,7661,40452,56347,14880,-18235,137899,-270742,-77714,109360,35952,126766,58048,-53882,143665,-147338,-122265,-127594,91158,3903,219188,-21331,-15032,156075,132193,97973,-128866,-40926,-213352,-78042,-41824,-1396,89127,243082,-110037,-210335,-89782,-186054,-112116,90872,85375,216758,83554,-168441,-78936,-71591,58975,-17334,-180230,-94432,-99286,-115188,-68213,115603,98016,-137337,36909,117814,-201979,-36972,-67868,-195512,-138740,12761,109363,-20261,-149972,-44289,-71245,-264911,93046,-193532,-20713,-37932,79972,85325,-42885,80986,-102071,-56854,-96798,-76824,-104770,50320,-199563,-121580,-166073,-55955,-130994,44329,-11051,30142,-54595,107115,89619,101856,41634,76033,-25352,-17077,-3450,-30495,-11641,91003,147132,-72979,95137,-13943,405,-19625,32485,125195,102647,148408,82328,-54922,-83363,892,-113904,37228,-1036,-141988,55714,-83020,40163,140297,62974,-83180,-67319,13592,38197,93923,80215,30288,181060,-84101,105303,179862,-102071,5325,93265,-194916,-68766,-22429,-6293,151801,-175848,-94373,-249621,-200548,-117704,-266927,-191431,-75109,33895,99176,-213630,-53970,275126,294844,164972,125093,-87367,-65025,-50152,-112419,82872,78883,114662,-47855,158811,165771,-131716,127721,290785,95500,33560,234297,12812,-40084,-24564,326131,155827,128786,284855,240632,-8729,106059,-132668,126505,-8918,288325,-99347,6451,84565,-170629,-121606,81056,-25023,208388,47474,176843,-115422,-140553,125866,66424,124176,185611,54877,58915,66924,-145440,-67491,-58800,163476,200027,85296,268063,675263
93936,148756,-47665,79321,1616,168908,205225,162550,149372,71643,120886,-1293,39581,-21715,-17051,-90090,172,-14221,165697,-54918,110556,-54553,15558,112929,-25567,96152,-36207,-12352,-60166,-99665,178080,169035,-57715,-40955,34966,109752,-3747,105669,178271,-29217,99636,-91457,-614,126942,-48531,152929,7208,186840,26027,165850,72798,111464,223850,90048,157293,64917,235741,15131,-57839,-117484,119177,95297,90028,50551,139183,46629,49658,212826,-108162,15684,-101594,108434,35718,-24040,44595,-86932,146540,-972,64188,99436,109171,9729,-105280,17157,-113039,-45350,123457,32913,122123,-74802,-40311,136243,-37765,89070,-120245,62117,161730,122399,163802,-47275,129138,33715,30735,-95344,122510,145926,219614,33525,19842,-35046,157777,269863,5371,-53304,75781,160841,-5178,176350,171362,178852,93531,-49516,98767,19991,167660,127466,111699,181542,-40391,70626,67051,-23102,-16254,-164168,-70127,23612,78217,10961,175932,234941,19075,-118628,31187,-79072,104348,21870,-6306,134637,-77561,-143631,-107783,149141,149283,191587,108771,164618,197982,-50213,-175589,36263,-39270,237603,110371,110822,202997,118975,36446,227561,164042,58812,141340,42688,233842,136701,-137174,78576,110314,96253,150047,23282,86865,167893,63255,-30790,124828,-67431,170888,13,156491,27288,49469,-108672,43149,-143474,-197394,-198023,-50723,-267325,-287319,-191826,-36167,-307349,-204848,-262751,-162914,23368,-246458,-37666,-253528,-261791,-156682,-140753,-319137,-66425,-127641,22030,-187454,-261697,-112719,-223906,-157642,-211093,-238220,-110654,-157898,-211648,-252336,-366874,-162169,-196143,-155901,-94226,-316488,-371413,-419952,-320870,-129154,-163135,-46369,91455,-92661,-137974,-175101,-268039,-198807,-250938,-40413,-64152,142318,5630,-301180,-462344,-280556,-527986,-372495,-26792,666148
-144680,152582,169578,-10153,262138,-42362,128033,-82577,35430,73501,94160,168965,177162,128085,120862,-26521,110255,-85178,100061,-112356,3865,223336,94607,168649,-106306,-129006,-46866,119341,-104884,-107526,-106635,107982,-180821,-14560,-168276,72674,-140200,85293,-31656,23269,-214367,-62682,58248,-29482,17557,-207308,-190427,-106132,-27630,112932,147301,-122075,141544,-118489,-92379,111648,173136,71314,128410,-55489,-670,113061,-91496,-34841,132221,-127723,-73913,-50007,207117,85371,22475,36192,73516,21416,48647,196788,-33709,28883,201585,-11845,209913,101198,177727,1500,207739,71751,-51698,99110,-53379,-88480,82718,-63286,24776,-12338,48788,-82318,6151,-134396,77745,-110176,-29065,-81066,59267,-58006,-94414,75072,93295,114475,-29004,-10498,-100879,-135080,83735,-130956,-98892,55498,-12540,148175,119155,-136236,82271,57127,-31171,136952,88097,-20792,44297,79510,47327,-21102,90126,164544,-33301,-64856,-17630,140506,-83217,144675,195645,143840,136308,-10350,25308,162114,-147450,77807,96754,13912,-15633,-101670,50655,138468,-4498,28130,120627,155372,27076,107211,30982,-40631,142184,209245,126117,63088,139689,-79276,55222,71682,-63840,93798,210195,215376,255899,-147502,-30305,-101183,-161980,-70124,-79587,124167,-183313,-105920,-13383,-6678,-31908,31928,119003,139650,160568,70028,-18319,-4366,-96270,-24643,18953,-79007,188279,51281,26807,222332,-337150,-234236,280473,203413,276103,146405,206388,268987,-303053,-55713,-11093,6977,18527,167875,234634,116934,-312254,-288965,-13414,156184,185972,234036,47659,139808,-227111,7246,52921,241262,13560,-85018,131950,84496,-425404,-146016,-97171,49666,21382,128929,-70140,112640,-359611,19488,29104,133687,3151,189321,-817,-109877,-111178,-279991,-116453,-39122,51037,133680,-147119,46397,10488
-32851,200328,1576,147678,44052,218129,206039,3544,127752,11675,199037,181528,-66568,-75781,-97536,-160404,233616,176157,-33153,207983,29197,-31281,63272,80830,262261,47684,140907,28011,168331,125265,6995,241648,256308,132541,163306,222702,134616,209221,24378,224065,155150,83650,138781,101125,140224,-17715,-38608,-15565,153008,77414,57890,1922,166413,25592,166081,16474,-39841,127212,162560,-128423,-68786,20209,108503,-127335,167407,74466,56866,-34400,-92291,-150361,-18681,-84345,49810,177915,67923,-83895,-110436,43835,111143,-130548,171323,51693,108802,-62782,-16693,118670,-92343,-115016,112674,203234,180805,-43919,-16276,87477,-64031,184172,77157,-117630,114219,136045,86658,-6929,119205,142156,72251,7084,-109549,-43489,-56979,123158,124043,164356,-232703,-184715,-353915,-229760,-80200,-35040,50240,114393,139604,-160624,-142125,-118503,-56821,-150134,-60525,-90063,40806,-168925,-215480,-17312,-258655,-80504,-37460,-87694,-107304,-59673,-120735,-93633,92523,-82549,-29286,-67901,33003,76586,-73331,67216,-135216,3471,-66172,-33537,52953,-143127,-38923,-55131,-103209,-150716,-34185,-110238,30592,170463,-109741,55915,-94045,46306,127271,-7130,-10014,-139315,-228683,-187136,-146235,65236,-76746,-224870,-46257,-297419,-314937,-259286,-66872,-97689,12944,107913,-224846,-84240,-349529,-240903,16312,51992,128423,-14546,123369,-48191,-10127,-125270,-5539,-12859,-200440,17305,182180,110216,-18940,143650,1914,92806,-181950,-216806,111653,64311,186090,91127,133309,42446,-8405,37066,161839,42146,173817,278165,201301,309383,188975,-66905,119760,60238,137938,154986,99665,228286,148268,-9778,-46152,-67409,135281,249952,185901,148743,-1939,78367,-162118,-3444,-168902,-53946,-115859,-109066,-125680,-276856,-156413,-317235,-188726,-194597,46368,-21646,-16061,-57096,834918
189934,67165,43180,150296,243352,197571,70864,97313,-95091,-78106,19660,25536,-68239,176881,-68939,-97204,-30138,212523,125804,187344,13117,76625,157051,-96767,89282,-74002,39661,-12961,86297,35415,-78118,19742,-7264,-32057,146591,56441,-53832,-91513,-74183,21422,-152894,52190,-30510,-187802,-136683,-236574,-55453,-209856,41729,-5693,-98131,-84811,77485,-91923,32605,-104338,-115817,89960,41069,40583,-60470,-138487,-163103,-28598,159879,69728,-111967,142813,18860,-176259,-72132,-161537,160346,216363,70591,94808,172935,42082,-138092,-119658,-125108,-11582,44042,143808,131006,81680,114682,31751,50055,140741,-102591,-83883,124875,38860,101913,-53552,83894,46235,29940,157135,27858,-6944,16629,-87497,-201027,-6867,63599,-189961,-10958,-174812,-190551,-110044,-11460,-211739,-110733,-107,-179447,35964,-147346,12886,25111,84178,73396,-57822,11292,54492,204445,-15867,49584,124543,225040,-43001,-76160,-198642,-116520,-44571,194093,20961,-6645,-17557,-40819,-73549,-310305,-93599,-59513,236242,102831,34490,-130612,-160884,-97864,-138537,55358,26805,-17331,-40600,138915,-103413,-114081,161323,50272,57141,-166305,-65594,-69889,-40950,-180248,45512,19200,-76126,79550,-209909,-196809,-28734,-27301,114366,-81051,-89749,115394,-181470,-210426,32309,71392,213072,49582,-70835,-193662,96748,-26469,55923,109972,-29728,-148112,-54255,261906,250605,-5421,89304,140322,-69152,-262403,-26602,226658,157965,170699,-19373,-14161,-191585,99561,290031,252162,331388,122200,257175,-12392,256682,-107298,-80684,76937,49667,257143,186069,137010,256378,-76976,186429,80703,190252,163544,306030,327103,198205,95261,-53489,160964,285003,337279,22062,125805,-12208,25099,-190364,-32543,153400,50894,-147,80828,-52135,-71470,-42509,265061,312929,133870,239798,252532,111286,-1
-206096,-186376,-158431,109190,84062,185794,151374,85244,-35071,1302,-16380,82331,75091,247832,180441,148412,-136333,-62123,-47630,-27649,13495,106445,21669,44626,80390,-148,-91792,-100134,-7355,3715,199808,180347,-28488,-7415,-101244,133621,45257,142917,-96861,78611,-118072,-213866,-117140,-53425,-47088,-66188,-225050,45418,-154900,17459,-83628,-137818,43860,-40799,-81181,9210,-131792,-159374,-151984,106880,-56661,-23086,4509,-93892,-49232,-54850,-133394,99176,121578,65363,111283,214478,-42237,-65055,193167,27282,184119,89145,126069,116763,-11915,120533,100454,179721,33349,215846,220639,165213,-156985,-24188,113903,39386,22890,230855,-83405,189709,-148610,118416,-43934,206014,157558,-22129,-61957,-64567,65265,3831,-38570,195820,169381,-12368,124311,56291,-153652,-155072,-26527,-143657,99788,-114155,-105207,-121621,-72895,-127820,160474,34242,64317,-100401,-82882,104271,-14969,-189113,1076,-11803,55090,48822,131434,32032,-150446,188617,-19929,94847,91040,135044,183637,28200,95214,-24153,-64861,96582,178968,207041,47802,99927,-38344,-885,127726,-16723,32874,97346,77686,-53182,70463,67460,75706,271753,218277,-38453,190041,56323,146256,90889,73321,13354,109633,44018,-114949,119042,-67774,-105301,-15720,135366,-159501,-64130,-62194,-194870,-36397,114780,-923,68142,-83423,82916,24793,-128108,-331276,-231258,-341780,31643,-9900,-124323,80368,51405,-86267,-196436,36153,107828,107292,42442,146760,161200,-193222,-19806,-257788,118303,117539,78308,144553,-155763,-45743,41357,-124801,215005,-6936,36324,161195,255379,-183396,-102775,14610,112422,57253,236799,327681,230846,-171549,85382,-80491,-47004,-37245,118852,249533,9321,-69177,-58,-134879,-70165,-104732,-34800,87271,-110961,-42192,-55919,108147,-113819,171648,31214,14014,48677,337747
-38847,79203,-184630,-90033,6512,-51999,-124596,115561,104704,91901,7578,-123552,175800,-99191,63374,-65955,-50010,-175145,89245,84104,-89698,-140515,-5251,-183058,-126162,-231368,59916,-119544,118799,-122904,-215225,52639,-103752,-74746,113242,22970,97742,114845,-138883,106282,-28759,82520,141704,106406,-79290,-17834,146106,172038,-86035,-126103,-64152,111148,156682,-2727,91906,-29028,-8300,79498,-29036,-160949,111190,-57363,71263,-28748,-44925,-15503,242075,53150,-98244,-5888,-42040,127087,49926,113331,-22182,-75584,-7293,15474,-4903,73685,128097,8794,-64181,-74554,-82531,-34889,131037,-41618,65664,-33509,-51150,116635,158238,-22013,-38124,151853,-180369,-31509,116497,42734,-12931,-133188,126169,39077,15310,-81265,-208629,-84695,-177465,136044,-9432,95358,-136523,-143261,-187084,-107224,119318,-25626,-87153,-114108,188277,173242,155671,34433,-83973,3106,-47048,117710,100677,203389,-83740,-85498,9385,55195,12322,207394,-11119,70113,148079,-34398,-17963,78390,116836,-157529,115227,99807,160563,-106509,-135673,-63754,82147,-37790,154743,176064,-98179,11624,91213,69525,-130489,53662,-85603,107448,-140797,73137,-159186,63429,-99314,-76943,-76052,-14516,-201283,-48291,47989,-11425,59427,-114950,149958,176279,-156821,53419,-34799,-30778,64208,-2887,85623,187603,184380,213670,127316,4596,63510,-7001,106789,88177,228558,8520,273303,247921,39470,212716,32115,317942,198954,285745,172614,-19412,159606,-79069,100574,-66587,-44698,15522,57143,111604,187349,-35252,-52956,64928,46779,-24661,-45600,158284,105358,190994,160850,56200,-41903,220125,114424,-677,6887,181656,111464,-14772,210646,65933,-53950,94020,49836,22617,-67479,-63569,209379,-152143,163932,187277,91604,241675,193837,182093,285573,241098,127033,105158,6526,283510,-364
128205,236095,231098,-72923,55218,154567,-25635,173654,5296,273539,-96025,-13430,226616,4603,209491,55636,201731,151138,242108,-138565,-54951,119673,107721,-30659,121413,115962,89973,-140433,-26690,46286,-81008,-34866,62021,165134,-123548,-180227,-76142,49507,-80631,-142396,23226,73291,-182297,20289,134485,-104996,25251,-151550,137619,-73716,19149,62613,-43045,-54859,87196,25657,228382,5423,43658,-39423,-51447,96754,37997,19627,167248,224527,207330,51365,60403,147691,125384,226521,19337,198015,-38177,141545,85358,241612,23091,167363,41652,90360,-121445,114079,147427,31543,243618,28384,49335,117200,183736,229567,86511,179820,115010,203433,95985,102735,27678,132410,-144943,-60393,-20415,-112954,46043,42530,14697,18756,12736,-36325,-22234,-124037,-110266,-1816,151734,126013,135706,104152,153239,48764,-8032,-62734,135116,41883,147074,194823,129577,24233,13571,223417,34290,258953,245057,158099,246979,87332,-200595,147250,13721,180824,129771,143980,-41491,-57271,66327,189853,-125850,216435,131565,-7452,-58288,112647,89253,-145007,-162293,116036,138123,11719,136607,-17776,-91791,30780,-13865,176401,190811,182776,3795,190176,-83726,149766,-131204,80969,61339,3776,26403,107186,-31585,106212,-47373,75744,53126,4716,143222,-27894,94849,302785,71441,219988,325784,195542,121665,275920,-159299,-243987,121081,-121961,-40453,24233,-129939,-33812,171006,-203899,-209607,35845,-206087,127466,-209626,62485,-32960,53418,-161895,-2447,-44640,-100832,-136376,-215616,38910,-147671,-189245,-8054,111916,128359,81918,57281,-137778,-11997,-179637,154719,-7813,-94630,26979,-190738,-38460,39148,-26833,88556,-59239,18726,188886,-7779,61912,117758,46662,65576,-11327,-99984,-138583,-168286,-54339,89780,-68159,-26112,158665,39629,88117,-129394,911233
-1407,-139310,-25689,17764,-30816,102785,42268,-171424,41757,149816,-8171,-32378,-94087,14840,-69582,-52844,110583,213621,-57525,-8053,60976,17086,183528,-89725,-117325,-137498,25386,36115,-46252,37763,-53954,151618,-75962,-63208,101134,-70105,-101087,-83509,97272,-98896,57319,38222,-184993,69021,-77105,3548,33385,-157054,-118662,66002,134348,-144942,71155,103610,-66970,50151,79527,-129386,-9033,-11937,-55651,24665,-139553,1323,-61765,-45981,-38124,-176629,-148863,-119359,-55128,35734,156757,-57948,85161,-1472,-59154,-34620,-4896,11228,480,-30771,-137633,78137,140481,160952,-71350,17546,-42320,-4004,-80831,-97969,148282,-28390,185501,180380,76715,-63990,10045,-161229,-75550,122719,16234,-62811,63367,-58042,-52388,-133614,-118716,-139614,95430,38496,51330,-200804,28348,-207769,-122420,-30475,-55987,31715,138236,83411,-7017,37690,41303,140384,-41100,211475,-50461,46845,-123580,-65814,90906,61144,-60897,-148989,94551,111740,13487,51991,-119204,-162763,111501,-121434,196375,-128035,-127520,-9407,-97973,11332,-71184,-20617,83897,27394,70897,-18744,-130616,104969,-69136,146543,75822,53971,105041,-114257,134996,-115341,-8576,-73907,-59050,-66663,24338,-154023,152737,97294,48444,-95144,-76709,129839,58065,-153598,49042,-29148,64383,-125226,6070,-20576,-154738,103040,53915,-20429,-5623,165488,-80894,-16271,-42848,-90119,39811,81648,21068,5328,142636,133076,253397,212327,202952,45764,88964,83505,-974,228012,65328,163714,281314,50123,216605,13566,83695,3868,261830,307022,175259,62160,345185,317138,269166,52874,23233,161315,169186,92030,-28969,87876,122846,175792,114469,9648,136123,153390,159168,240508,14110,206026,163587,148299,145755,61634,170406,129312,-34916,92140,12526,153835,115622,136400,355460,226091,-33441
-138159,-51858,144897,24290,-64627,-43029,27782,182255,109280,-142369,118131,31367,52643,93265,-27197,219881,-52836,30822,107654,-73304,-72925,-30098,117803,-12369,16577,-77223,143568,-171867,147977,86223,-63971,155645,2666,17443,112154,-42814,-131076,-5099,-89849,-63255,-16080,71864,104886,-8996,-60294,-58170,196214,16027,37530,130490,120596,12298,-21748,-40663,214289,108707,122019,27352,113500,27820,-90809,84455,124794,47662,-52384,-37576,102830,-20985,-167389,-28646,42763,-85186,28811,-36205,-103059,-55224,-66024,120518,31978,164169,141828,-100464,-85061,15189,75826,122963,-16473,-20735,82048,-91419,46964,-81458,-24074,13044,12592,-96696,-54596,-21966,2671,-95082,87338,223391,194284,239419,226442,-68877,10802,-120138,38063,118579,34024,143765,216691,62230,217665,-108720,-43255,72667,187177,119294,77399,159320,75234,-135714,-93089,101254,3183,-43279,-108377,-197436,-169422,80935,26624,-4319,207108,263044,161543,-165409,-172765,62584,-32755,-40366,-114689,19935,26183,-60977,37764,156407,173505,128190,237633,40077,169822,38439,-47185,172414,174507,26494,139833,291929,-111445,-34197,-109179,-144094,118965,56007,309602,240374,70461,71952,66024,66395,207813,141668,91259,48753,125634,-68911,9225,-22031,106530,199318,-72081,41605,-37705,85744,19209,-113625,-20194,148675,215361,163983,-33735,-217513,-141190,-236011,-194693,-83148,-201897,134155,-4817,50177,-225367,-224998,35103,-58307,151067,121531,35682,-62254,-212233,-178115,-96152,-59699,-72175,-3079,16941,-189320,-392389,-290741,-246036,-181491,62563,58624,-166863,-85555,-301284,-290031,-102892,-146405,164681,150017,-62316,43141,-193942,-423174,-23957,38870,-27321,222938,-122081,-178972,-11192,-145662,-88320,95524,194824,155159,-26607,10785,-190219,-306099,-79752,-113372,-144398,16664,559452
214676,-54058,148260,92525,120448,201484,-116689,-99442,110196,9125,94861,12912,80736,59497,106518,124302,23264,206679,176720,56622,-56461,-60449,204208,99837,225961,1000,15371,159971,41243,205814,104524,193587,105310,153789,95990,308380,254120,66963,220474,6777,172693,191334,126835,87981,146607,95484,166374,-59460,168785,147543,-92340,-53782,136344,43092,71284,27286,-91887,194581,-30367,19048,201875,-89976,-80881,117111,112722,-141992,-42753,90359,-201435,-64506,-84578,-79695,23155,37279,-36242,76754,165600,-39471,101904,75275,-131215,147377,-96127,-23570,-124295,-43691,89099,-82171,190711,25255,-31328,-48779,15724,-69830,193725,81011,164866,-118610,125437,-113250,69941,-61552,-90634,81591,2390,152793,24147,25141,142864,44070,118862,104366,-18068,73237,-96214,-100322,130938,39023,62455,-83369,174068,52364,61868,143031,50851,122232,106117,-94202,-21273,-114372,-49321,-211344,-211320,75623,117776,-25611,-109986,28975,170490,96415,-130015,-172535,116218,34112,-32656,115106,-103260,-162216,55420,53703,94368,112256,-96554,-63128,-107803,-233926,74310,-34161,-51651,94112,125090,78688,-81269,-160556,-140553,76697,174472,33640,105034,180914,-171244,60627,-141366,74328,37210,190652,-29732,-60025,129841,32837,107598,99481,111730,152435,-129157,-151910,-104283,-120060,30624,-173929,-160600,26484,-82920,-264601,-234672,-146265,-201097,-37713,-176130,69760,43228,-142476,-158349,-92757,87422,-114290,52032,-142723,16258,-48377,-42069,-119618,18078,73423,-173365,6912,-157107,35792,1879,50301,-185057,-11901,-106509,-57466,-50354,56194,-208694,-224101,-202280,44190,-41891,66152,-173084,26769,32991,-80178,-219966,-159646,159516,185817,57113,-147683,31740,-104199,-148760,48384,-86646,-80092,62540,-125961,-221616,57813,-171168,61637,-291800,-207975,652923
-153305,48944,-103190,170343,188905,-83967,233422,-1774,96172,103064,14152,175718,2618,185682,-25961,138706,-24268,-75024,148269,108405,-5965,235263,244757,189703,-146044,58714,97937,-133164,159842,-65205,-1091,31297,-126968,17965,107263,69681,-143606,-84247,128053,-137274,120886,8670,16578,-108574,-85647,128204,77356,152849,55298,-118336,1589,-94294,26688,-15599,35917,-52413,87063,98849,57954,157331,-14725,157988,69098,-133383,-125298,-63486,-31886,112034,52134,-47755,11720,-87308,148088,13955,1357,229978,91193,111007,223814,129449,-60945,50623,-63223,10112,225210,-16323,120737,63028,75969,198804,161264,-57862,199380,-59156,140662,74005,81651,90194,107461,200128,123924,125218,49576,42625,74244,89887,-103863,49354,42305,90508,-83720,-11523,-78370,90152,-96434,20090,-33212,-81119,-91199,111414,162128,-65138,85838,75,62916,-1937,-113730,10064,-108275,-54472,-14968,-97120,145943,120370,74870,212816,129552,59862,144390,162591,195024,173988,87186,181427,102005,-189014,173527,55921,142830,200048,59968,224557,155288,88981,-42121,151318,189,16741,114918,149145,-172656,-154251,171821,145131,193849,-158022,68214,-85463,127118,164488,105423,170221,245603,85959,151183,152514,-15899,-100831,-125405,93468,81088,113058,84508,41291,31146,40642,65849,26183,172201,197809,-144160,47166,-21994,92652,76624,104496,179219,-349,152081,4797,-105065,-62851,212250,236149,161051,-19572,-8640,51732,82249,37177,99696,30625,54479,151395,59044,45178,-183058,117558,198023,208304,82067,20273,123889,2570,14097,-12340,-37464,33067,47901,5745,238901,102519,29447,-5186,297362,206748,241742,-25341,221219,237114,124864,108463,116720,-114067,31863,163584,160722,4416,-5839,50515,262817,255130,32962,183440,243109,202571,-88
-92241,-65059,-13002,140948,26607,98242,54214,11230,152016,159110,-26271,9588,30430,-98216,-57228,-130377,96736,61909,-69897,28656,169646,-26747,-73222,130546,-38198,31998,22202,114004,118126,-98071,18906,121324,-115140,18889,-177947,-61338,10406,-59902,-97453,79121,-6499,-88933,-134328,132890,-29971,136660,-128367,-110179,-119990,36848,-218381,-48665,-917,-12200,-54678,-123520,60866,-6184,158456,155094,215758,-16580,-12798,6471,117346,13397,-29716,-52440,-102113,-146493,-1518,-41456,145414,26733,16658,-65543,127675,94990,-126351,-115263,41624,-29139,64985,-14508,-84215,-114282,-65000,-133154,-34460,-76880,23206,214086,9132,67012,-99490,77964,-22545,135703,-122330,79963,-50989,-164341,26503,42133,164433,31859,25485,109960,72508,-134525,-123433,8107,-58549,-112960,-82327,100520,-132946,-135480,49659,-60113,162001,-100923,85969,137716,114321,19610,57218,50754,92633,-116728,43033,-102455,-129196,-221572,-31005,-188199,77525,-40557,85424,42096,-186804,70267,-212137,-160134,-70110,54772,192275,53917,179561,3120,-178593,16390,20798,64393,252422,-46154,132885,55581,103070,-664,172206,227651,118489,18991,137943,-74983,-115212,-138720,160532,171336,126719,126716,119728,122120,-210832,-95415,-126671,151470,-12226,-175554,-91815,-29369,-40935,-8467,43848,122467,-38486,1933,196342,-40374,45771,158558,-119634,90065,95959,-46168,224906,141704,199157,184217,85831,28876,153575,124733,223017,230166,141737,-11334,188880,229457,224266,48933,261436,10132,204071,129126,-113770,23820,76054,7101,192204,123309,260979,302570,55422,72868,-63514,234652,203410,182076,195986,22468,105873,-16192,-80393,237651,-12949,169095,59609,115930,-75442,106895,48282,-18,163602,-12936,-113292,17128,174405,18629,240945,-13145,229950,176509,280625,189738,-327
205808,-51771,25016,-19455,-85302,-24346,-51169,101500,-7168,-39945,-68108,135331,-13589,27351,-29597,113265,219278,143398,44397,79954,-127847,156570,-115604,-21812,126663,-65116,31838,-115558,-100894,18974,-124849,-76925,-106634,44421,132175,40685,-55452,83060,87456,156810,-110621,-61878,-132981,65070,61901,-153674,105138,-126660,-86077,62236,113598,56257,-134900,-157158,-120160,-58171,-70151,-119274,41741,63069,-69396,33086,105213,55346,140045,-63913,69215,111640,110063,-68856,198984,-119548,250290,217446,12205,133751,121816,207931,37612,83989,103196,20216,151742,141169,205124,-7827,110904,198187,45012,117368,31859,189883,232885,112199,82705,-38038,94063,-118639,-7862,12789,128814,-25628,187645,-46419,12014,-174214,130237,-93553,69165,140052,51557,-5086,-176236,-171277,-197893,48478,-208392,-95423,63187,-59124,4655,59462,-38390,75933,164343,3306,178957,-45775,114652,-65333,-26636,-103280,89711,-10350,9922,-125115,28952,149025,5303,33959,151636,-25158,147755,186155,43938,-63337,107778,-84916,112155,226513,-77939,100389,70404,71540,78066,164246,46747,319818,152746,143078,43286,15218,114289,212189,139000,246550,184494,108543,-87723,106568,28706,-62385,266287,112299,84815,-45523,-34706,25269,-130756,-154042,34285,22051,54289,-35077,88834,-28199,-95981,201241,116246,-77414,-86143,112050,57201,-86532,67481,-118921,-42042,44326,73752,-56553,117179,22682,30164,-94795,-116804,232177,-66529,-144563,128727,-80744,44874,-147566,26574,-84900,-154849,162068,-69513,94557,-43941,57891,39971,25953,227181,-8827,5322,95370,241662,203344,94761,92536,148399,172334,140843,-154633,941,-44796,-99019,83061,72951,-58629,124651,74044,-78081,45236,33902,56645,74374,-148266,87170,49729,192505,105597,66330,29020,105473,88238,256703
-79220,-226859,-91541,-113269,-55919,47235,-1726,-73067,105036,-3844,-96687,149646,17895,85119,76770,20224,-150357,-13831,7617,-41106,-109796,-105971,179654,101486,-146356,18443,120361,1428,101012,-17368,70360,45924,-109682,-109677,45576,92425,152623,106576,187879,138186,-45969,-40572,27097,-81847,48076,-27948,33219,-159864,-112841,-26814,-27395,-86425,25857,39920,33485,-128904,-26609,-21588,98093,59119,-145665,74945,-147706,99033,28769,10205,108169,141311,130717,-23985,214601,74717,-3321,177343,163651,37934,112788,241720,88763,73963,-9901,97261,-13713,61431,88035,-39908,193720,-29805,56134,199650,92258,98131,86015,235627,244336,-6351,63394,162380,119417,-95191,-90419,25567,153734,19375,52407,-11611,-97148,-65464,75204,-45953,108051,86682,131091,37404,113487,-231051,92667,22403,-74501,-240119,116949,225422,-26697,169131,-56616,-137019,139156,120051,215664,-33329,-101574,-140387,10301,-2622,115284,59172,161377,138860,9354,-135637,-189920,-205353,64147,-17651,-33326,153660,-9098,41330,-158104,-105283,-94406,-123937,62563,75135,82935,242171,45800,72569,33458,48623,-3854,62228,60706,-7557,-14529,172510,-135226,-134325,114389,6413,92852,-129508,192907,96808,-14952,-229972,105104,-10329,316005,35312,122555,-77515,-13320,92092,154328,83317,354694,165513,213170,69025,139582,230386,-216643,-237075,-91071,-263465,37975,-263362,-176867,-50259,-175980,-173352,-9413,-85915,-94753,-9805,404,-241898,140905,-91414,128300,-74662,-59487,-146481,115787,-161053,100534,89101,-192912,137525,-97549,-113965,123221,-156640,109919,147712,-74381,-119226,175867,-9382,142763,72229,129764,71297,81481,38237,195456,250347,29256,277300,-106250,76768,-19194,-19529,-109029,25839,-91244,-2832,33205,118759,284630,177483,-56912,146196,195137,56433,684679
-89511,-66413,-46952,-142740,-75893,-27680,-94659,87703,-133303,-133832,-169369,25653,167011,170609,79726,197092,-129397,-845,-56386,178922,4515,52037,86624,-24914,-215999,-234894,-112700,75439,55661,129772,-77696,-39915,-144290,-125677,-176206,-91465,190313,-47396,127858,76720,-68976,-188067,-245236,-207082,16335,-45914,84435,31161,-216843,-237340,-45219,-79372,-104088,-27664,8507,-204155,-37046,-181291,-194158,32555,-64482,-87014,-122079,-24948,-199560,-108179,-24011,66086,-92200,3041,-16684,1436,-188103,109855,158401,-15423,109192,-67337,99022,49160,69868,25320,-31595,-60025,55274,11217,112403,118190,203,88650,42283,127437,-38368,45745,37643,63149,-207652,-182066,-185767,114202,63600,220159,-39879,-59750,-198798,-55716,-172378,28268,-38811,100564,-213458,27153,-195688,-221468,-24350,33253,156562,175466,112307,8962,-132448,-42947,94002,180101,177704,148582,100671,-48672,-195002,98027,148760,8444,-2867,68362,139798,-145093,113660,62237,15779,-13308,101332,1304,-44092,-164308,-163091,-1197,66442,254760,249867,96850,180164,-84509,133598,125814,28539,270055,309226,133493,-23709,51613,-175273,108316,61223,199642,222355,232104,57957,-129707,27137,19208,-72577,117691,267362,137204,56662,90551,-155141,104272,-61271,75619,-2580,77397,-194869,94212,-113525,-76142,72206,55434,180774,175984,-68120,-16102,-199208,-53635,-49690,29844,62585,262809,116367,161857,-266768,63829,-148815,28009,312452,37267,-70466,-39329,-82194,-21677,-22159,17023,236835,86729,213209,106647,-176197,-280428,-28656,-44134,184868,154161,176256,158902,94094,11362,-17272,37117,62098,247566,-61259,221983,-185816,-230378,-194833,-55884,-66780,-45723,208410,179926,-226032,-232079,44897,42309,45042,192436,-29018,149152,-11037,-5995,6673,-107371,193398,-71288,-54663,-5495,66353
-139290,-14501,2089,-265752,-209909,-206627,-7818,-191685,-116552,65276,-35947,51800,75719,-166471,-44624,100416,15346,-126867,-29697,-114187,-7119,-202165,88453,-114330,19066,180539,118027,28284,22252,-68076,42932,-61264,-12064,-17186,193288,45245,-85538,-18188,112155,148762,-23030,166212,134602,-22977,123511,225594,-139743,-179386,-34392,-46250,-78298,58885,107262,101284,81751,104998,-148731,-54598,-227875,75186,-157114,-47329,10356,-55825,-85524,-67082,46637,-229995,-160690,-222273,-74790,-128156,-60482,-116179,-211895,-186620,50526,-80569,-180426,-149471,40856,-142846,73046,-92401,73303,-278522,-183237,-220178,-45722,218705,-55391,92688,-33791,82760,-65935,-75352,-5135,-114268,196234,-77575,-103363,77984,-108770,-99260,-98122,-85172,-58232,74806,-95647,22140,105846,24631,111810,61040,152405,9341,-13581,78398,-61444,186438,131557,174807,-54069,-83467,164186,-87748,-31723,23530,-99025,58363,120429,-76180,60345,101792,-6792,-137797,-111202,-166654,-82414,-74746,-144542,-104127,-3904,-219724,76718,91350,-57133,-148610,37115,-182568,-194700,58232,-43710,-18616,-100561,18642,37854,-211113,-67901,-171936,206599,22845,-93836,182999,-66832,100160,16349,174367,186394,101969,-57720,104890,150256,156940,-107826,152507,-33170,30870,-66701,-57847,-99860,43812,-88718,-125960,53670,-69698,27272,-137337,-175245,-24834,110639,-45947,133884,-34362,228483,122901,180926,278224,172441,-26441,49841,180078,331726,142040,357898,25321,31332,-113283,50198,-67901,212371,-28168,186183,107290,34603,80990,113629,275347,194638,54659,193579,235039,121554,358327,191032,19056,151073,-49165,339235,353431,229462,168097,114190,50839,74004,226816,297396,289373,127288,140268,-88579,360613,181676,392848,322600,314508,285393,131452,-191365,-67305,80960,86651,217810,348163,114601,189132,-68486
148372,140591,57524,60905,-121565,-113740,-150663,-92719,-91315,-105835,-106633,170763,90768,-6940,-136223,70514,-82031,-96826,-54304,92831,20193,181080,-19358,168467,-56682,122465,29476,-29788,104966,-106382,49929,-155025,17903,-31668,55893,-118315,50541,-75028,359,174877,69887,-77754,-13011,-204682,-103947,-90670,-188438,-184018,42867,113846,-79059,68015,125923,-5204,-49077,-153125,112879,-86393,-50180,-77887,100867,-48768,61189,98514,44234,-126378,-15114,-61169,8753,-98365,-112470,11526,101448,-24845,-140321,-1002,59087,-49611,13484,75097,172330,219988,132070,89772,-51947,-39620,-10298,126134,138860,24973,36564,27532,181592,-80277,54589,24525,-17755,-81661,-11867,121049,-12244,38101,-53423,124142,-84172,-152820,32493,10654,-140668,20901,-31256,-160116,-32002,180503,125459,65621,-62473,161176,-10971,-146686,143049,-126350,-107170,105434,-103182,28373,-119265,-50334,72548,-24378,118423,57732,25220,81566,95023,-26124,53595,-76418,-2741,20813,-89052,-7023,90281,80920,-55278,68765,-151469,-49067,180902,18777,128963,105252,-45043,-12776,130710,119131,-94535,-2017,13922,73934,132424,-105993,32547,-40632,-123418,-122629,-2392,151694,59434,-131870,108390,-149724,-121100,-123302,100579,23266,150595,156709,-68487,49307,-34247,-180022,157703,-84374,57387,-92327,-5814,109124,-11867,-3275,-24918,-150261,187683,-20773,19456,84700,85865,196834,109768,-90351,291677,203605,273110,250878,59249,210942,172394,-47378,183682,-16956,-37826,97070,69634,245511,199678,94639,9477,-119100,175434,-90688,263179,110361,29102,119730,-37914,12028,256755,310324,34685,20981,100076,213633,247374,352440,140555,350646,244985,345195,77310,109339,146603,67074,-7349,84910,166170,45401,97746,-165333,-125328,8396,153939,55926,114685,197728,33704,120127,-417
193730,116635,238872,193695,66875,152710,74970,33862,36103,91586,105483,108091,67069,7173,-77550,43614,-50911,38177,90076,36783,217119,-59873,151774,23437,12798,83454,55488,61516,192780,76000,101172,54160,-152481,-95783,-57800,23429,186638,102534,-121736,-129390,200265,172367,261962,69270,5865,-19603,-126456,87903,-299,1412,123998,39790,73811,155762,-137235,153544,-50502,29242,107534,24275,174339,172237,-160432,-66469,250799,1119,112202,107093,170135,148767,132267,112106,149683,940,221708,176797,134862,46761,27581,-41135,138901,146841,-103385,-71935,-79113,59538,40138,86837,146866,34405,137681,-31972,67292,139593,11853,132291,-58508,156023,-87898,68640,-101368,113622,116292,102771,138227,134480,55902,283336,184922,39203,-100813,-56587,203912,-29488,37618,189464,-45840,-52147,114146,33133,226077,138315,244643,277038,30633,203850,-23061,-37654,-53180,-31171,129119,188252,63971,19370,-88614,200014,84220,-71616,142305,-175107,-184128,-126499,-80974,164789,-41449,34250,-83363,-207057,-173173,-158975,-55592,-21945,58178,-83508,-118553,-220066,47572,-45444,74259,-2777,-4673,23140,62382,-129284,147440,-188568,22133,141280,42964,-10165,151164,51446,-78702,19856,24372,-87754,40554,82964,216475,147141,156726,76155,-40815,198964,34279,178032,-22449,93403,-43609,73930,154720,63211,-11131,-223544,-297957,-160279,-130259,-144976,117378,25832,-93766,-163652,28671,-90056,-89346,-62509,41338,89416,-59144,-188102,-212130,-90514,-186614,-153923,90056,-186015,-323536,-138189,-426106,-428875,-307131,-158684,-125337,-245227,-147149,-286075,-285359,-282712,-292422,-238421,27323,-232540,138548,-238929,-211398,-160592,48460,-86376,3465,163261,171699,45111,-83236,43971,100550,-29665,42279,233806,112865,56147,-104257,-92748,223226,244902,101604,36277,827045
43186,8250,99104,6197,86409,94618,175355,8758,62359,62820,35982,160469,185537,40,251906,-90499,-92998,-79282,63699,-7789,1952,95524,172177,49487,-129088,-89888,129797,-180277,5720,156846,152545,83445,-134010,37993,92341,87240,12483,152451,47257,214122,-127102,107864,-9087,-36676,44792,49480,164730,128734,-122624,-46912,68496,-15406,-78000,-114973,-168264,44546,-172787,-146594,-28622,-47246,-12293,-129671,145546,13527,36638,96123,-40359,-27069,172237,-90665,97852,65004,160175,-80942,-19111,180755,138537,-120905,-23895,-82690,-56048,117644,198915,18036,77156,-16776,119374,-2535,168883,176022,69439,-21676,51644,187784,181641,108368,35442,152487,38371,165223,55417,90603,90304,-62075,126540,39049,188995,201916,8183,220546,64386,-96874,-224567,-234366,-215777,-276,-89505,-72115,-47769,-210410,-213105,-96010,-153665,2007,-8082,120390,-152245,99482,169608,-144680,-92132,-47414,-178482,49634,-87224,-143028,146134,185733,-94448,-70731,83867,-6403,126161,239814,-8576,-29727,160352,87317,3943,-29077,161052,-102982,168498,249447,173306,8787,72370,39026,177997,141290,213979,206679,74708,130957,2667,-79842,125670,8009,183186,-67280,-6984,138910,158645,31973,1271,-90430,-119992,73106,29680,-184701,-116312,-144824,-194058,-40330,66479,-146922,5449,-149286,89762,-7358,-177061,-115968,93651,111204,103740,136026,-155452,-61750,136139,-268046,217167,59761,-16966,84084,-24459,121574,77515,-243789,105262,101001,81750,123857,77385,-10532,-69162,-12516,78782,216279,102028,255282,203988,-34692,128413,136896,71572,363929,29712,-13117,168506,-46827,-133544,-98823,277361,218987,-113754,-27723,-70461,-2530,-74155,-160635,-65578,-79428,105469,-93959,100217,-111190,-218719,-299902,154644,146444,124666,181503,-19731,-12011,-73719,-161037,327749
187246,-52126,80137,191759,21278,-23953,105134,157458,39832,81758,40630,106204,36329,107716,138290,279847,31806,66718,83535,221735,-36982,81258,105775,200965,244270,129186,33684,173959,-18420,136974,-76973,14157,36799,181712,-109770,61927,122975,-43015,3809,-20759,151748,-72570,93105,-173916,-58863,100738,4545,-151869,6123,-63724,-72174,-153986,41347,58479,-115775,-8097,139081,130827,29200,22134,31929,-21460,57684,153569,154801,73637,146246,235035,-37073,136787,192867,56453,122063,236775,86729,249249,11623,119992,74466,47000,205296,228286,-2367,238617,268621,172036,248281,23325,201171,231266,100701,227068,41461,29160,37566,122770,-22849,121318,-77884,116352,141198,-28536,-107096,48401,204554,-95648,-51419,124473,-85291,77101,-14333,57951,-57296,-5385,112232,-153467,-6218,-201130,-25935,-157617,83232,123943,-41196,19346,153782,213771,200740,221449,96646,-42064,-39959,-30620,-65345,11827,-26293,36280,6162,31429,52967,-20477,247373,-1153,-20733,183742,149087,-1331,140006,76410,100549,283927,187945,76332,117716,249206,67077,-33948,160001,11956,-29447,98382,-42138,10600,169096,98232,-49006,-8551,93023,192063,233396,215748,-29977,48565,-69450,11009,206923,91976,-66466,-120229,124392,-5249,139959,84900,-15200,112145,124273,158386,21306,47393,-12802,-62303,16354,37163,78588,-19011,-126457,-34561,-27855,-56986,73937,-102661,-33121,94992,-40297,-170151,-49208,-11814,35385,-162396,76185,121325,-88560,-5702,123488,-29227,29467,-29777,117608,-18501,-72063,127033,294894,-45122,-51318,128941,211886,23355,-10577,-132909,-155543,155673,-104167,-74270,2367,102994,-29042,104712,-40945,165304,142802,30758,168,-13438,74365,-15058,30875,-119453,-87704,-206329,123954,180898,9141,92257,-48830,-5877,29183,-2120,831525
133246,172129,-26286,54304,187842,170132,14177,146571,-34174,62702,-74413,125918,97301,79717,-139653,-61480,-121840,21101,-54465,142706,65988,106584,123360,-82640,192621,129146,64027,99257,121208,89937,113120,148453,112083,6501,123045,83460,-19619,21649,-1414,128410,102632,190436,-62168,96699,45363,64920,195324,238936,-98095,-6455,159056,54008,-74950,-133015,-43108,101334,136668,-107791,-70520,-143118,28647,77718,148775,165549,-18453,82172,122113,-9721,97425,50938,119792,197487,144454,108945,10777,81338,-77028,184196,-54548,52155,-10922,106305,13618,75796,139493,267319,204183,217973,-72857,185573,-88183,-6914,-23783,79489,74429,-60385,196833,-26199,67282,66652,150546,38859,257076,-41750,-68473,196802,-36563,89689,-37722,235113,-32704,9321,-81505,124461,84999,-74199,222461,199292,170784,99105,-121153,-153099,-152638,115767,-90111,-83542,181680,70176,119666,-38664,67488,107933,-73002,130161,-86480,-49927,59420,152194,127424,-72247,-117626,-57006,-60511,-5771,179720,181964,17870,53327,210957,53303,243370,257519,45441,236360,241588,201097,323694,161384,124975,30530,55121,125325,63110,81022,165139,85342,159812,97065,-39832,63389,239257,174777,-102236,105928,167441,-5829,-3411,-43099,-50253,-41208,-102260,183674,-114052,8043,5742,-16814,203060,161866,168883,26383,94065,112049,-95161,96435,-61202,-59594,-32856,-61766,119322,180799,-14804,-119037,10652,23391,145654,-65848,34413,-33759,-70368,-232709,4544,120401,-134266,26346,-126063,9785,97047,47449,93268,52976,167170,-44407,-46342,41576,-27412,-149471,123632,159743,22621,-123323,135148,139230,-114372,36315,177289,218646,30024,159087,-117753,-83277,94945,-75792,151307,-30842,163961,169886,-22934,73732,115293,134780,142999,182730,274972,164424,117918,262569,270803
280309,260063,292094,68735,369306,93607,120451,113226,108641,-35453,-13810,-53598,158008,202715,124601,-14133,10852,-172864,164419,48457,48117,33780,208300,-90540,10722,16409,38260,13850,-23505,56704,191610,195215,86669,43261,-21340,99998,209224,50777,-48432,71703,-116052,-87337,161622,18686,63773,156861,-5780,203676,-60633,35673,218164,228279,17335,76385,28443,142253,-82792,-153294,28963,22249,-88874,12638,48420,-922,179424,101972,163703,246941,239371,253558,253975,23894,139653,-950,53558,35385,98652,-53395,22104,187974,-14039,99667,39066,-29229,71541,-3140,188228,174057,15442,-8866,-98600,85855,202054,135954,38970,-34027,-83092,180564,3446,104522,15782,150187,141972,-15967,-110047,-77323,-33111,155556,205624,-85301,-10034,-43233,-40975,33986,180648,187157,80016,141222,203284,-38718,53898,-103486,141459,-20631,-74971,13182,-38601,205436,9447,44591,108479,78852,194531,164857,-53220,30617,87891,134345,-19674,51799,96831,-1515,-90560,-187247,-20853,-24015,-139087,-112608,78050,110959,194935,-126138,161000,62785,-50960,110756,22114,135557,42187,75891,123696,57942,128388,135338,170746,129291,-21107,-166819,73202,205290,174848,95883,250738,102003,121614,-134612,18925,-129580,124585,-84308,62042,-19708,-133859,-95947,-134095,-148302,168771,219031,148342,-102196,180429,-189739,-45002,64645,165458,28239,-8112,-207449,-272643,-3550,45688,-33336,-65459,-183100,-129861,51844,-73355,-230590,-67621,-182995,-80162,-184249,-122140,-218887,-49292,-123571,-180099,-129498,104813,68100,-54363,-40202,46642,-212584,72046,32835,-91584,142709,-47936,-76541,-198259,-83980,-13094,40584,-2780,108694,165409,77569,55888,-184698,19081,-167380,-70037,153773,36642,-70341,-210235,-106038,-14658,-100336,-51717,110684,-141065,-67593,78305,-26252,979416
16432,73437,69990,-54996,110566,-98954,-129992,17091,-26654,114634,202979,155939,-36457,138831,71214,167962,182279,1836,205638,106895,118640,178466,-9566,-44426,-72051,-15258,80597,103933,-158064,-111281,46041,-183459,-140778,-90434,7866,59011,-180248,-111433,-174538,-46935,-140045,412,-102227,-11235,-118600,-203306,-206116,-21846,111825,2932,144126,-96947,-162934,-91178,-9164,-45268,139393,160501,38024,-17537,-73031,-176415,-139539,163,-42674,70371,92862,12558,77317,94111,-80668,208194,32090,13061,87481,123387,237232,172605,-18801,95923,4152,153794,38962,205751,85746,193289,-7431,98584,-52466,183011,21178,-40586,-17438,142610,-17218,147135,54367,17256,-169674,128514,32457,128499,-81610,-54321,76437,-169973,-68371,-187682,-103034,-80169,95101,-52166,-52207,-189135,-143876,-74743,-29467,-148312,-60377,-222931,-78814,163350,-108592,-164335,-76394,92567,-4652,-30313,-100792,-109744,-152787,-17993,104907,62189,-49665,-42897,-57903,71016,40759,124196,187788,54334,107052,113624,37840,105533,28228,217181,-117015,-38602,-37513,169836,99416,39386,39950,21128,62567,-34993,129886,20416,204732,6839,-8889,-131829,-111730,131732,4268,86311,-56191,16634,74664,10319,-173923,14764,-59997,-179848,10935,-83834,-185917,-208302,-150603,-94488,-89478,-123233,79472,110341,75890,-149907,28490,-26375,-184267,30750,15893,-92803,118432,254886,113891,13045,-129316,-214761,258074,179343,193409,290473,246629,46287,-116048,63552,236093,252017,272036,193240,310098,-86583,-148087,-73291,67923,205140,103736,198354,101084,-9763,107630,-179673,237322,157373,296109,60721,112257,184641,-6207,120455,93135,200732,131160,240335,63358,6776,156889,-162723,193371,186277,230006,148047,93316,-118245,-156635,-265300,190057,314386,-3394,91564,25592,-37956,101452,-135618,-1554
-16086,-140835,-10546,84070,112464,-163846,57172,-25026,-117117,-77842,13291,93742,93838,-60103,-96534,-101406,-146947,52486,54151,-93653,-140854,35583,115722,-67038,-88083,85920,105725,159675,181183,-36585,-52293,118283,140738,98069,107382,-10100,25852,126247,-55679,65771,-4395,-79527,38322,89069,88744,-30350,-65640,126175,171578,157000,-31439,-36011,116602,110018,41840,50850,67040,-44388,115247,-78817,7387,-44742,-60754,8220,134272,-30639,-42403,-37293,154466,12262,100075,9449,-266891,-80544,-183036,-75958,-82779,-2611,135607,-86240,-151421,106190,-129177,9522,115317,-59874,12327,128414,-10344,49067,-4509,-24332,2634,-33913,-3389,-31861,13869,-30503,-61752,-180990,150018,99804,29976,-55733,124869,30136,85088,-80101,227112,161423,-9594,235728,-32390,13797,133957,-65030,82313,47863,36173,17748,-50427,47796,-11450,-50253,-8210,-106766,18642,42393,-111671,61354,-113297,193271,-81448,6561,-135075,183277,-86762,-27277,-91585,117271,89445,-72935,142210,-24122,-159444,-89054,107300,-152946,47711,-67732,91318,148011,-144693,150312,-177715,-61943,-61187,-103735,7748,123774,-171337,-115080,-142360,-157276,25324,-120525,-31990,-5103,-98013,-174130,-186634,-81295,75859,178421,11984,-22050,80958,99493,142268,66260,29615,181432,111558,189666,204881,-754,41925,245726,107995,195438,-15510,41557,-139656,219400,122103,157230,167415,175138,14031,407295,151303,-31862,206879,-70526,264857,111178,-4618,241279,-124057,-72012,-19105,186018,-3918,63846,-109722,26706,91636,68446,181829,36248,77504,254131,-61042,232665,11665,-71690,197566,90650,-106883,-61858,160357,-4281,-25811,16317,65315,215546,175323,106823,213695,169074,274409,211343,212321,299308,194249,53436,201698,216452,450477,309394,406682,474639,581547,490345,526296,548427,-44874
54323,-76929,-21026,97909,152274,-40076,-66989,-79830,-141415,153192,-127582,13936,-132514,-76020,-45491,-65536,133248,-102645,103601,79747,-59944,40448,77131,54109,-39868,83816,-16763,21235,109215,38093,23720,8897,63546,42011,-126672,57437,-15284,113754,-85101,138657,-42025,-188023,73455,27270,82519,65509,-174352,-17085,-172630,-181478,-202726,122572,-111945,44019,40028,-122970,113422,-71584,-167466,-175218,-66939,-10414,63469,-12810,10236,-72227,-70852,-483,89490,42499,4921,-1059,138619,-24480,122878,49978,-103627,-75574,-4741,82185,-37128,42835,-161004,19,40442,-39097,2329,29244,-143181,-161141,-20721,-107207,199808,150043,-106330,8294,136,145684,-183462,133369,-136384,136076,148456,-44509,-58602,68006,-39607,-95066,62884,120744,8416,-115156,-88870,-102805,-13259,-130339,-132289,-49603,-175741,-202875,-51931,-67887,-133810,-81265,-42437,-111643,-164331,-118152,59578,31054,57558,-144020,46519,-81023,-149419,105953,121094,190425,100874,-50733,118805,70835,142442,119950,-96571,-113947,-112754,82670,-90579,-22935,103428,-68429,-87175,-11523,65325,71868,94807,-114394,-51297,-57947,134905,21764,51447,116174,-115501,175140,127762,150546,61271,-102642,46530,-132922,-110023,102277,-140413,-40218,-142484,7972,-515,-56337,-8120,-17685,-41742,-183865,-125989,-98450,-7973,-208046,-34684,-140574,-154213,-207622,170100,-21366,97548,51099,221334,269814,-13289,212983,-146626,81590,-74163,-35699,-60543,1406,-104992,32068,133119,43984,-44040,119941,188445,166481,208936,215800,249606,336589,130331,101532,200049,318121,276052,420977,188199,263892,268236,138736,73912,105326,191594,180938,-106046,191469,186060,-5761,-40260,656,169703,-48127,35560,-50037,83462,-36352,-110876,-54786,-255841,-151138,68608,-178387,107645,-130640,-194627,-223440,-248838,73101,-372
43564,142974,-49595,41638,69986,-80172,-19096,-68221,33918,-33048,-50652,-87977,182518,56586,104380,136894,118485,120580,45650,-94534,93770,-63958,134830,181026,41754,150018,57315,156068,188945,166132,46530,147103,74096,-128569,-120407,91644,-74034,23319,17907,-118781,-25062,84645,648,147381,106291,141806,38689,497,28021,-34549,-29372,-136681,-92862,-193160,-111561,49581,181215,-8899,126555,-97976,-156541,22968,-122091,38879,112698,122217,6864,-141034,37271,59580,33821,182519,107528,-112252,95264,129658,-74568,6563,105132,130397,133566,27589,-91427,107624,-58526,-41716,75488,143703,16431,109560,-139623,33086,109900,-13663,-102860,-75912,46648,-54135,49424,-57969,-22604,-157908,58902,-24083,-93125,8470,-153781,-45386,-163244,-17442,-198960,-182177,-260709,19307,-50938,-161415,-35154,-211619,-148149,-166679,106331,7919,-163648,113451,-56154,42974,-98182,-115668,112216,83799,151559,28066,70539,-96923,-38848,-81945,-12330,21625,77304,136278,-139598,29902,-56381,-89567,-196678,-54379,-110409,-29744,94346,15562,-76103,-36776,-234040,-112621,71548,-41483,-14338,-95561,-108876,66434,69198,-149295,69883,-34228,40647,62599,-87651,23190,-229009,-12328,-150594,40693,68196,-138373,-34297,110390,-120568,-90878,133826,136388,-84298,49636,-34178,17508,-141117,9226,220895,207106,182874,163941,31680,200766,142910,188106,-149711,-245699,-190790,-69278,-21991,-132466,106422,-120658,81131,-173630,-128817,-194725,-118604,80097,-12299,-135501,-35981,-28724,-180673,-37260,104739,-3993,75216,146366,12047,-131483,-16224,119954,-32770,70902,52335,66833,140460,-136389,-28593,188357,170035,211728,143860,-58447,-158628,-133618,95453,79226,-144852,-138985,23446,-9060,196188,-84608,123792,71751,164661,-101618,134801,124525,219739,129546,80153,135713,57166,249555,609819
